sample,mode,modalht,control,mancontrol,iithreshold,vars,n,mean,sd,median,trimmed,mad,min,max,range,skew,kurtosis,se,ctrlmode,ctrlmedian,skewmode,skewctrlmode,skewmedian,skewctrlmedian,sampleA,sampleB,propmode,ctrlA,ctrlB,propctrlmode,ii,iictrl
A01_2022-10-28_JO_FAtest2_35cycles_A01_2022-10-28_2.fsa,135.0974503,426,NA,136.2126018,0.2,1,6371,134.9745345,7.326466619,136.0207837,135.5118078,5.73272,111.7207837,150.4074503,38.68666667,-0.749206951,0.904555224,0.091789028,136.2126018,136.2126018,-0.016776957,-0.168985596,-0.428412168,-0.506956789,3137,3660,0.538472856,3555,2816,0.442002825,1.415822181,0.300670666
A02_2022-10-28_JO_FAtest2_35cycles_A02_2022-10-28_2.fsa,137.1407837,445,NA,136.2126018,0.2,1,7777,135.3938971,9.229232994,136.184117,135.8482035,7.11648,110.9474503,157.6374503,46.69,-0.437652155,0.440761266,0.104654898,136.2126018,136.2126018,-0.189277543,-0.088707775,-0.25686421,-0.266123326,4488,3734,0.454147409,4043,3734,0.480133728,-0.01963157,0.908550248
A03_2022-10-28_JO_FAtest2_35cycles_A03_2022-10-28_2.fsa,137.1507837,861,NA,136.2126018,0.2,1,14739,134.5399374,9.128519678,136.184117,135.2161852,7.151074,110.584117,156.3107837,45.72666667,-0.657729537,0.226469117,0.075191084,136.2126018,136.2126018,-0.286009821,-0.183235017,-0.540343782,-0.549705052,8823,6777,0.434423077,7962,6777,0.459800529,-0.142466679,0.795715139
A04_2022-10-28_JO_FAtest2_35cycles_A04_2022-10-28_2.fsa,158.3874503,63,NA,158.9280059,0.2,1,704,152.9109778,4.51080846,153.5307837,153.069052,5.693184,144.904117,159.2374503,14.33333333,-0.241477932,-1.221701564,0.17000749,158.9280059,158.9280059,-1.214077828,-1.333913454,-0.412213826,-4.001740362,642,125,0.162972621,642,62,0.088068182,-5.476472538,-6.017028093
A05_2022-10-28_JO_FAtest2_35cycles_A05_2022-10-28_2.fsa,158.4007837,137,NA,158.9280059,0.2,1,1797,150.0002698,7.954089523,152.6374503,150.8069824,7.096712,132.504117,159.344117,26.84,-0.723633352,-0.704705146,0.187636117,158.9280059,158.9280059,-1.056125128,-1.122408293,-0.994650794,-3.367224878,1660,274,0.141675284,1660,137,0.076238175,-8.400513819,-8.927736042
A06_2022-10-28_JO_FAtest2_35cycles_A06_2022-10-28_2.fsa,159.2974503,215,NA,158.9280059,0.2,1,2584,148.8710778,8.618564621,151.5474503,149.542792,8.688036,130.624117,159.2974503,28.67333333,-0.519823713,-1.054859686,0.169546445,158.9280059,158.9280059,-1.209757426,-1.166891304,-0.931607292,-3.500673911,2584,215,0.076813148,2369,215,0.083204334,-9.211107345,-8.8416629
A07_2022-10-28_JO_FAtest2_35cycles_A07_2022-10-28_2.fsa,136.274117,176,NA,136.2126018,0.2,1,2283,136.1548456,5.37070397,136.274117,136.3554069,5.678358,121.774117,146.774117,25,-0.354598874,-0.06826037,0.112403092,136.2126018,136.2126018,-0.022207783,-0.010753949,-0.066623348,-0.032261846,1215,1244,0.505896706,1039,1244,0.544897065,0.450843165,0.512358317
A08_2022-10-28_JO_FAtest2_35cycles_A08_2022-10-28_2.fsa,158.3907837,85,NA,158.9280059,0.2,1,607,155.4004048,2.942677166,155.6007837,155.5605578,4.136454,149.7507837,159.324117,9.573333333,-0.37877784,-1.05138332,0.119439582,158.9280059,158.9280059,-1.016210323,-1.198772728,-0.204282259,-3.596318185,533,159,0.229768786,533,74,0.121911038,-2.990378913,-3.527601135
A09_2022-10-28_JO_FAtest2_35cycles_A09_2022-10-28_2.fsa,136.254117,464,NA,136.2126018,0.2,1,6618,134.911789,7.663730554,136.254117,135.5524289,5.693184,111.0074503,151.6774503,40.67,-0.824549516,1.037552483,0.094205627,136.2126018,136.2126018,-0.175153339,-0.169736244,-0.525460016,-0.509208733,3766,3316,0.468229314,3302,3316,0.501057721,0.071552868,0.11306802
A10_2022-10-28_JO_FAtest2_35cycles_A10_2022-10-28_2.fsa,158.2274503,60,NA,158.9280059,0.2,1,543,153.5290771,4.50965661,154.2974503,153.8025998,5.826618,144.7874503,159.2307837,14.44333333,-0.464657306,-1.109169885,0.193527889,158.9280059,158.9280059,-1.041847227,-1.197192881,-0.511151936,-3.591578644,485,118,0.195688226,485,58,0.106813996,-4.698373235,-5.398928791
A11_2022-10-28_JO_FAtest2_35cycles_A11_2022-10-28_2.fsa,135.144117,78,NA,136.2126018,0.2,1,817,136.4866833,3.456500953,136.0774503,136.4444936,4.235294,130.424117,142.894117,12.47,0.09553727,-0.958459026,0.120927661,136.2126018,136.2126018,0.388417743,0.079294482,0.355185465,0.237883445,355,540,0.603351955,425,392,0.479804162,1.342566299,0.274081451
A12_2022-10-28_JO_FAtest2_35cycles_A12_2022-10-28_2.fsa,159.984117,39,NA,158.9280059,0.2,1,140,158.1327599,1.822451985,158.974117,158.2736706,1.497426,155.154117,159.984117,4.83,-0.742291683,-0.958318071,0.154025305,158.9280059,158.9280059,-1.015860587,-0.436360485,-1.384986518,-1.309081454,140,39,0.217877095,64,76,0.542857143,-1.851357143,-0.795246032
B01_2022-10-28_JO_FAtest2_35cycles_B01_2022-10-28_2.fsa,137.054117,555,NA,136.2126018,0.2,1,9073,135.2597763,7.987258208,136.1107837,135.6781157,5.70801,110.8374503,155.3674503,44.53,-0.511851272,0.82415219,0.083853707,136.2126018,136.2126018,-0.224650396,-0.119293197,-0.319636863,-0.357879591,5452,4176,0.43373494,4897,4176,0.460266725,-0.975060241,-0.133545089
B02_2022-10-28_JO_FAtest2_35cycles_B02_2022-10-28_2.fsa,136.234117,706,NA,136.2126018,0.2,1,11751,134.349329,8.626906953,136.234117,135.0778677,7.111538,110.004117,154.3274503,44.32333333,-0.752730982,0.382126727,0.079582523,136.2126018,136.2126018,-0.218477836,-0.215983877,-0.655433508,-0.647951631,6537,5920,0.475234808,5831,5920,0.503786912,0.856215479,0.87773063
B03_2022-10-28_JO_FAtest2_35cycles_B03_2022-10-28_2.fsa,136.2874503,815,NA,136.2126018,0.2,1,13456,134.8484749,8.77941301,136.2874503,135.5603013,7.136248,110.0207837,155.474117,45.45333333,-0.721840528,0.58131469,0.075684595,136.2126018,136.2126018,-0.163903375,-0.155377921,-0.491710126,-0.466133763,7209,7062,0.494849695,6394,7062,0.524821641,0.785484451,0.860332936
B04_2022-10-28_JO_FAtest2_35cycles_B04_2022-10-28_2.fsa,159.3374503,422,NA,158.9280059,0.2,1,5231,149.3212813,9.447772604,152.624117,150.4354519,7.136248,125.724117,159.3374503,33.61333333,-0.882155919,-0.556476902,0.130628239,158.9280059,158.9280059,-1.060161946,-1.016824277,-1.048766455,-3.050472831,5231,422,0.074650628,4809,422,0.080672911,-7.727928238,-7.318483794
B05_2022-10-28_JO_FAtest2_35cycles_B05_2022-10-28_2.fsa,157.5407837,128,NA,158.9280059,0.2,1,1481,152.5295503,5.744253536,153.7174503,153.1410959,5.668474,135.404117,159.484117,24.08,-0.898228148,0.165446965,0.149264342,158.9280059,158.9280059,-0.872390707,-1.113888094,-0.620393961,-3.341664282,1230,379,0.235550031,1354,127,0.08575287,-5.011233401,-6.398455623
B06_2022-10-28_JO_FAtest2_35cycles_B06_2022-10-28_2.fsa,159.4674503,323,NA,158.9280059,0.2,1,4419,145.8969238,12.93999843,150.8607837,147.6832066,10.101448,110.0607837,159.4674503,49.40666667,-0.993190628,-0.032133338,0.194657985,158.9280059,158.9280059,-1.04872706,-1.007038922,-1.150817724,-3.021116767,4419,323,0.06811472,4096,323,0.07309346,-7.569176529,-7.029732084
B07_2022-10-28_JO_FAtest2_35cycles_B07_2022-10-28_2.fsa,136.354117,115,NA,136.2126018,0.2,1,1506,137.436627,4.519306846,137.284117,137.378918,5.628938,127.7274503,146.9307837,19.20333333,0.072813259,-0.683836465,0.116455323,136.2126018,136.2126018,0.239530087,0.27084355,0.10123895,0.812530651,697,924,0.570018507,582,924,0.613545817,1.08250996,1.224025112
B08_2022-10-28_JO_FAtest2_35cycles_B08_2022-10-28_2.fsa,159.464117,60,NA,158.9280059,0.2,1,433,156.1100908,2.372870907,156.6707837,156.1920325,2.826824,151.8707837,159.464117,7.593333333,-0.213795629,-1.115097159,0.114032898,158.9280059,158.9280059,-1.413488683,-1.187555149,-0.70887907,-3.562665447,433,60,0.121703854,373,60,0.138568129,-3.354026174,-2.817915063
B09_2022-10-28_JO_FAtest2_35cycles_B09_2022-10-28_2.fsa,135.3474503,567,NA,136.2126018,0.2,1,9090,135.3187972,7.934620648,136.2674503,135.7609281,5.722836,110.1607837,155.6174503,45.45666667,-0.56453134,0.989729574,0.083223165,136.2126018,136.2126018,-0.003611149,-0.112646168,-0.358676164,-0.337938505,4439,5218,0.540333437,4439,4651,0.511661166,0.726270116,-0.138881399
B10_2022-10-28_JO_FAtest2_35cycles_B10_2022-10-28_2.fsa,159.4274503,497,NA,158.9280059,0.2,1,6194,148.9408504,10.24409428,152.6674503,150.2950082,7.156016,115.8074503,159.4274503,43.62,-1.044561823,0.024713154,0.130163125,158.9280059,158.9280059,-1.023672728,-0.97491835,-1.091340972,-2.924755049,6194,497,0.074278882,5697,497,0.080238941,-7.239774712,-6.740330267
B11_2022-10-28_JO_FAtest2_35cycles_B11_2022-10-28_2.fsa,132.3574503,59,NA,136.2126018,0.2,1,744,136.5620964,4.143864501,136.214117,136.576617,5.717894,128.644117,143.8507837,15.20666667,-0.030151473,-1.006629924,0.151921444,136.2126018,136.2126018,1.014667844,0.084340244,0.251923819,0.253020731,172,631,0.785803238,327,417,0.560483871,4.204646057,0.349494542
B12_2022-10-28_JO_FAtest2_35cycles_B12_2022-10-28_2.fsa,159.2107837,87,NA,158.9280059,0.2,1,900,151.4760837,7.654238554,154.4007837,152.5600753,4.344018,134.1774503,159.2107837,25.03333333,-1.215514077,0.161363989,0.255141285,158.9280059,158.9280059,-1.010512012,-0.973568066,-1.146306055,-2.920704197,900,87,0.088145897,813,87,0.096666667,-7.7347,-7.451922222
C01_2022-10-28_JO_FAtest2_35cycles_C01_2022-10-28_2.fsa,138.934117,260,NA,136.2126018,0.2,1,4042,136.4979888,6.954027544,137.044117,137.0561022,5.712952,116.5707837,154.274117,37.70333333,-0.699798462,0.598727019,0.109380084,136.2126018,136.2126018,-0.350319026,0.041039095,-0.23560224,0.123117285,2558,1744,0.405392841,1797,2245,0.55541811,-1.069826525,1.651688627
C02_2022-10-28_JO_FAtest2_35cycles_C02_2022-10-28_2.fsa,140.0374503,376,NA,136.2126018,0.2,1,5866,136.6560269,7.413380794,138.1674503,137.1314121,7.106596,115.744117,152.634117,36.89,-0.576338132,0.118854459,0.096793296,136.2126018,136.2126018,-0.456124345,0.059814144,-0.611633275,0.179442433,4005,2237,0.358378725,2295,3571,0.608762359,-1.824605227,2.000243258
C03_2022-10-28_JO_FAtest2_35cycles_C03_2022-10-28_2.fsa,140.1907837,203,NA,136.2126018,0.2,1,2743,138.5308201,4.984953947,139.234117,138.6452651,5.6833,126.7374503,148.774117,22.03666667,-0.192789409,-0.530467461,0.095180558,136.2126018,136.2126018,-0.33299476,0.465043067,-0.42325178,1.395129202,1759,1187,0.402919212,819,1924,0.701421801,-1.3487209,2.629460918
C04_2022-10-28_JO_FAtest2_35cycles_C04_2022-10-28_2.fsa,159.3807837,105,NA,158.9280059,0.2,1,1278,149.2019522,8.579535591,151.5874503,149.8776619,10.165694,132.414117,159.3807837,26.96666667,-0.542330374,-1.105740825,0.239992878,158.9280059,158.9280059,-1.186408215,-1.133634056,-0.83413542,-3.400902168,1278,105,0.075921909,1173,105,0.082159624,-10.17883151,-9.72605373
C05_2022-10-28_JO_FAtest2_35cycles_C05_2022-10-28_2.fsa,158.5107837,47,NA,158.9280059,0.2,1,404,154.591518,3.909834685,155.5607837,155.0425429,4.190816,145.0174503,159.4307837,14.41333333,-0.927916031,0.350071156,0.194521546,158.9280059,158.9280059,-1.00241212,-1.109123083,-0.743713549,-3.327369248,361,90,0.199556541,361,43,0.106435644,-3.919265677,-4.336487899
C06_2022-10-28_JO_FAtest2_35cycles_C06_2022-10-28_2.fsa,159.4607837,94,NA,158.9280059,0.2,1,1415,148.3515987,8.300532891,149.8574503,148.7969031,10.00755,132.5007837,159.4607837,26.96,-0.339230752,-1.172679497,0.220662104,158.9280059,158.9280059,-1.338370086,-1.274184114,-0.544248764,-3.822552341,1415,94,0.062292909,1321,94,0.066431095,-11.10918492,-10.57640715
C07_2022-10-28_JO_FAtest2_35cycles_C07_2022-10-28_2.fsa,136.3607837,78,NA,136.2126018,0.2,1,1022,138.4649128,4.178713215,138.274117,138.4917943,4.25012,130.5974503,146.0074503,15.41,-0.034949785,-0.975075404,0.130712499,136.2126018,136.2126018,0.503535191,0.538996304,0.13697697,1.616988911,379,721,0.655454545,301,721,0.705479452,2.104129159,2.252310977
C09_2022-10-28_JO_FAtest2_35cycles_C09_2022-10-28_2.fsa,140.194117,251,NA,136.2126018,0.2,1,4005,136.7812356,7.142025439,137.314117,137.3341492,7.037408,115.8674503,153.6907837,37.82333333,-0.664587659,0.388357678,0.112854825,136.2126018,136.2126018,-0.477859037,0.079617996,-0.22383625,0.238853988,2750,1506,0.353853383,1554,2451,0.611985019,-2.166368145,1.815147007
C10_2022-10-28_JO_FAtest2_35cycles_C10_2022-10-28_2.fsa,159.4307837,138,NA,158.9280059,0.2,1,1733,148.3649556,10.33915411,151.8107837,149.8146962,9.844464,121.444117,159.4307837,37.98666667,-1.081513989,0.412821043,0.248362331,158.9280059,158.9280059,-1.070283693,-1.021655172,-0.999838481,-3.064965516,1733,138,0.073757349,1595,138,0.079630698,-11.06582804,-10.56305027
C11_2022-10-28_JO_FAtest2_35cycles_C11_2022-10-28_2.fsa,139.174117,121,NA,136.2126018,0.2,1,1579,138.2595888,4.813402599,138.1607837,138.2722883,5.554808,128.6107837,147.774117,19.16333333,-0.03457148,-0.810809727,0.121132623,136.2126018,136.2126018,-0.189996196,0.425268181,0.061581272,1.275804544,934,766,0.450588235,513,1066,0.67511083,-0.914528182,2.046986969
D01_2022-10-28_JO_FAtest2_35cycles_D01_2022-10-28_2.fsa,136.0874503,884,NA,136.2126018,0.2,1,15857,135.8955162,8.370744045,137.004117,136.5195065,7.072002,110.774117,157.2307837,46.45666667,-0.672098422,0.710718431,0.066474266,136.2126018,136.2126018,-0.022929164,-0.037880226,-0.397312648,-0.113640678,7679,9062,0.541305776,7679,8178,0.515734376,1.342497361,1.217345846
D03_2022-10-28_JO_FAtest2_35cycles_D03_2022-10-28_2.fsa,137.2407837,685,NA,136.2126018,0.2,1,11458,135.4995732,9.136374892,137.2407837,136.43709,7.14119,110.0374503,153.564117,43.52666667,-0.905363847,0.437380112,0.08535314,136.2126018,136.2126018,-0.19058002,-0.078042845,-0.571740059,-0.234128535,6027,6116,0.503664663,4723,6735,0.587798918,1.205481077,2.233662895
D04_2022-10-28_JO_FAtest2_35cycles_D04_2022-10-28_2.fsa,150.7774503,122,NA,158.9280059,0.2,1,1594,149.2929982,6.671827942,149.8207837,149.9464681,5.599286,116.4474503,158.4507837,42.00333333,-2.280307565,9.055218373,0.167109323,158.9280059,158.9280059,-0.222495563,-1.444133115,-0.23731972,-4.332399344,930,786,0.458041958,1594,0,0,-1.484452112,-9.635007668
D05_2022-10-28_JO_FAtest2_35cycles_D05_2022-10-28_2.fsa,149.7874503,69,NA,158.9280059,0.2,1,836,151.066609,4.053640697,150.8107837,151.0174006,4.403322,143.904117,159.394117,15.49,0.107265683,-0.835215759,0.140198095,158.9280059,158.9280059,0.315557986,-1.939342298,0.18933007,-5.818026894,371,534,0.590055249,805,31,0.03708134,1.279158692,-7.861396863
D06_2022-10-28_JO_FAtest2_35cycles_D06_2022-10-28_2.fsa,150.8274503,316,NA,158.9280059,0.2,1,4606,147.4134838,9.14025881,149.8574503,148.702557,7.09177,116.5507837,159.4874503,42.93666667,-1.356194784,1.612073538,0.134677959,158.9280059,158.9280059,-0.373508742,-1.259758871,-0.802154496,-3.779276614,2796,2126,0.431938236,4506,100,0.021710812,0.052102914,-8.048452641
D07_2022-10-28_JO_FAtest2_35cycles_D07_2022-10-28_2.fsa,138.2974503,149,NA,136.2126018,0.2,1,1967,137.7275486,4.775683216,138.2974503,137.8559985,5.628938,126.784117,146.8374503,20.05333333,-0.207875888,-0.597391186,0.107679575,136.2126018,136.2126018,-0.119334069,0.317220951,-0.358002208,0.951662854,1113,1003,0.474007561,686,1281,0.651245552,-0.569901712,1.514946773
D08_2022-10-28_JO_FAtest2_35cycles_D08_2022-10-28_2.fsa,150.8707837,75,NA,158.9280059,0.2,1,772,150.9654469,3.726997622,150.8707837,150.9722562,4.279772,144.084117,157.5407837,13.45666667,-0.011158188,-0.953819517,0.13413758,158.9280059,158.9280059,0.025399322,-2.136454009,0.076197966,-6.409362027,418,429,0.506493506,772,0,0,0.094663212,-7.96255901
D09_2022-10-28_JO_FAtest2_35cycles_D09_2022-10-28_2.fsa,136.3807837,998,NA,136.2126018,0.2,1,17862,136.2990843,8.505953872,137.3474503,136.9420962,7.136248,110.1207837,158.4007837,48.28,-0.697412632,0.84303294,0.063644075,136.2126018,136.2126018,-0.009604957,0.010167289,-0.369752531,0.030501868,8525,10335,0.547985154,7527,10335,0.57860262,1.431697303,1.599879121
D10_2022-10-28_JO_FAtest2_35cycles_D10_2022-10-28_2.fsa,150.854117,316,NA,158.9280059,0.2,1,4126,148.9146946,7.132147751,149.8574503,149.7259623,5.742604,121.9474503,159.544117,37.59666667,-1.349160525,2.558509091,0.111033932,158.9280059,158.9280059,-0.271926835,-1.403968566,-0.396551948,-4.211905698,2410,2032,0.457451598,4033,93,0.02253999,0.202191755,-7.871697134
D11_2022-10-28_JO_FAtest2_35cycles_D11_2022-10-28_2.fsa,137.2374503,64,NA,136.2126018,0.2,1,998,138.6218692,5.515531926,138.1507837,138.6522337,5.73272,127.714117,151.8874503,24.17333333,0.102198063,-0.409148167,0.174591112,136.2126018,136.2126018,0.251003685,0.436815044,0.256232134,1.310445133,450,612,0.576271186,331,667,0.668336673,1.384418838,2.409267323
D12_2022-10-28_JO_FAtest2_35cycles_D12_2022-10-28_2.fsa,147.674117,45,NA,158.9280059,0.2,1,214,153.2457058,5.123858079,151.604117,153.1573728,6.261514,147.3807837,159.834117,12.45333333,0.068427737,-1.761737149,0.350259728,158.9280059,158.9280059,1.087381559,-1.108988582,0.961144177,-3.326965745,79,180,0.694980695,183,31,0.144859813,5.571588785,-5.682300104
E01_2022-10-28_JO_FAtest2_35cycles_E01_2022-10-28_2.fsa,137.914117,360,NA,136.2126018,0.2,1,6096,135.7753315,8.025709473,136.9674503,136.460483,7.057176,110.7007837,151.404117,40.70333333,-0.823501022,0.73179228,0.102792388,136.2126018,136.2126018,-0.266491772,-0.054483705,-0.445612521,-0.163451116,3637,2819,0.436648079,2925,3171,0.520177165,-0.657231713,1.044283438
E02_2022-10-28_JO_FAtest2_35cycles_E02_2022-10-28_2.fsa,139.0774503,511,NA,136.2126018,0.2,1,8969,135.947033,8.680557269,137.1407837,136.7521738,7.096712,110.5174503,154.444117,43.92666667,-0.847466805,0.777187982,0.091659101,136.2126018,136.2126018,-0.360624009,-0.030593529,-0.412560159,-0.091780586,5704,3776,0.398312236,4213,4756,0.530270933,-1.308222908,1.556625577
E03_2022-10-28_JO_FAtest2_35cycles_E03_2022-10-28_2.fsa,138.1807837,588,NA,136.2126018,0.2,1,10941,135.2576551,9.289459704,137.2174503,136.067338,7.111538,110.0207837,156.154117,46.13333333,-0.754626517,0.173429348,0.088810016,136.2126018,136.2126018,-0.314671541,-0.102798958,-0.632909339,-0.308396875,6488,5041,0.437245208,4785,6156,0.562654236,0.103656216,2.071838034
E04_2022-10-28_JO_FAtest2_35cycles_E04_2022-10-28_2.fsa,158.4274503,65,NA,158.9280059,0.2,1,547,153.8476697,6.528234476,155.5607837,155.3230692,2.950374,134.4974503,159.3307837,24.83333333,-1.99904885,2.985952853,0.27912715,158.9280059,158.9280059,-0.701534333,-0.77820982,-0.787248357,-2.33462946,484,128,0.209150327,484,63,0.115173675,-4.579780622,-5.080336177
E05_2022-10-28_JO_FAtest2_35cycles_E05_2022-10-28_2.fsa,159.5007837,45,NA,158.9280059,0.2,1,305,156.1989585,2.397762828,156.5274503,156.3548381,2.723042,151.624117,159.5007837,7.876666667,-0.373601432,-0.839591532,0.1372955,158.9280059,158.9280059,-1.377044092,-1.138164012,-0.410997868,-3.414492035,305,45,0.128571429,260,45,0.147540984,-3.301825137,-2.729047359
E06_2022-10-28_JO_FAtest2_35cycles_E06_2022-10-28_2.fsa,159.4107837,32,NA,158.9280059,0.2,1,32,159.4107837,0,159.4107837,159.4107837,0,159.4107837,159.4107837,0,NA,NA,0,158.9280059,158.9280059,NA,Inf,NA,Inf,32,32,0.5,0,32,1,0,0.482777778
E07_2022-10-28_JO_FAtest2_35cycles_E07_2022-10-28_2.fsa,139.2274503,169,NA,136.2126018,0.2,1,2616,137.4626198,5.903469709,137.3374503,137.5832319,5.75743,123.9374503,149.8174503,25.88,-0.16187075,-0.486681823,0.115421967,136.2126018,136.2126018,-0.298948011,0.211742927,0.063608086,0.635228781,1655,1130,0.405745063,1006,1610,0.615443425,-1.765596031,1.249252454
E09_2022-10-28_JO_FAtest2_35cycles_E09_2022-10-28_2.fsa,137.264117,522,NA,136.2126018,0.2,1,8774,136.4017034,8.338863734,137.264117,137.0679831,7.101654,110.1274503,154.7107837,44.58333333,-0.78265619,0.844399056,0.089024196,136.2126018,136.2126018,-0.103420993,0.02267714,-0.31026298,0.06803142,4600,4696,0.505163511,3580,5194,0.591976294,0.584367315,1.635882466
E10_2022-10-28_JO_FAtest2_35cycles_E10_2022-10-28_2.fsa,157.5774503,122,NA,158.9280059,0.2,1,887,151.1079652,8.61862022,154.644117,152.1713463,5.594344,133.484117,159.524117,26.04,-1.0514288,-0.429568114,0.289384945,158.9280059,158.9280059,-0.750640473,-0.907342534,-1.230876312,-2.722027603,735,274,0.271555996,814,73,0.082299887,-6.469485156,-7.820040712
E11_2022-10-28_JO_FAtest2_35cycles_E11_2022-10-28_2.fsa,135.344117,108,NA,136.2126018,0.2,1,1739,138.0220545,5.959328474,138.264117,138.037034,5.78214,125.8607837,154.1507837,28.29,0.069792347,-0.248455242,0.142905036,136.2126018,136.2126018,0.449369006,0.303633651,-0.121857264,0.910900954,626,1221,0.661072009,626,1113,0.640023002,2.677937512,1.809452663
F01_2022-10-28_JO_FAtest2_35cycles_F01_2022-10-28_2.fsa,145.534117,360,NA,136.2126018,0.2,1,7140,138.0512262,8.990483954,138.8507837,138.9270728,8.544718,110.6774503,157.0074503,46.33,-0.83985806,0.534679825,0.106398122,136.2126018,136.2126018,-0.832312342,0.204507833,-0.26680124,0.6135235,5823,1677,0.2236,2648,4492,0.629131653,-5.781667746,3.539847406
F02_2022-10-28_JO_FAtest2_35cycles_F02_2022-10-28_2.fsa,145.784117,458,NA,136.2126018,0.2,1,9642,137.3753149,10.16565475,139.0974503,138.4449605,8.569428,110.6474503,156.374117,45.72666667,-0.850993156,0.131272204,0.103526562,136.2126018,136.2126018,-0.827177622,0.114376601,-0.508221701,0.343129803,7844,2256,0.223366337,3724,5918,0.613773076,-5.033053725,4.538461427
F03_2022-10-28_JO_FAtest2_35cycles_F03_2022-10-28_2.fsa,145.754117,462,NA,136.2126018,0.2,1,9832,137.7600371,10.06487572,140.004117,138.8497819,8.52495,110.5507837,157.2907837,46.74,-0.882757782,0.247665676,0.101505011,136.2126018,136.2126018,-0.7942552,0.153746089,-0.668884526,0.461238266,7891,2403,0.233436954,3565,6267,0.637408462,-4.713177156,4.828337996
F04_2022-10-28_JO_FAtest2_35cycles_F04_2022-10-28_2.fsa,159.334117,59,NA,158.9280059,0.2,1,379,156.3493149,2.131758081,156.4574503,156.4169585,2.94049,152.6474503,159.334117,6.686666667,-0.154069798,-1.175944358,0.109501057,158.9280059,158.9280059,-1.400159867,-1.209654614,-0.152177836,-3.628963843,379,59,0.134703196,320,59,0.155672823,-2.984802111,-2.578691
F05_2022-10-28_JO_FAtest2_35cycles_F05_2022-10-28_2.fsa,159.354117,64,NA,158.9280059,0.2,1,399,155.9355706,2.506230539,156.474117,156.0268896,2.9652,151.694117,159.354117,7.66,-0.193493005,-1.217464503,0.125468461,158.9280059,158.9280059,-1.364019116,-1.1939984,-0.644649035,-3.581995201,399,64,0.138228942,335,64,0.160401003,-3.418546366,-2.992435255
F06_2022-10-28_JO_FAtest2_35cycles_F06_2022-10-28_2.fsa,158.4507837,51,NA,158.9280059,0.2,1,482,153.9261294,4.642728449,154.6107837,154.4842465,4.304482,143.044117,159.3574503,16.31333333,-0.949579077,0.019205493,0.211470486,158.9280059,158.9280059,-0.974567922,-1.077357096,-0.442404219,-3.232071289,433,100,0.187617261,433,49,0.101659751,-4.524654219,-5.001876441
F07_2022-10-28_JO_FAtest2_35cycles_F07_2022-10-28_2.fsa,145.944117,129,NA,136.2126018,0.2,1,2259,140.2217531,5.842296846,140.1807837,140.3961347,7.057176,127.7507837,150.7007837,22.95,-0.205296565,-0.898088182,0.122920836,136.2126018,136.2126018,-0.979471607,0.686228615,0.021037679,2.058685845,1870,518,0.216917923,581,1678,0.742806552,-5.722363878,4.009151274
F09_2022-10-28_JO_FAtest2_35cycles_F09_2022-10-28_2.fsa,144.9507837,593,NA,136.2126018,0.2,1,11693,138.3531609,9.082693706,140.2007837,139.3843882,8.45082,110.0307837,155.554117,45.52333333,-0.986782216,0.810770978,0.083994663,136.2126018,136.2126018,-0.726394945,0.23567447,-0.610267016,0.70702341,9027,3259,0.265261273,3764,7929,0.678098007,-4.536808153,4.201373665
F10_2022-10-28_JO_FAtest2_35cycles_F10_2022-10-28_2.fsa,157.5207837,77,NA,158.9280059,0.2,1,478,156.475435,2.077401429,156.4807837,156.5469382,2.732926,152.7374503,159.4107837,6.673333333,-0.198072461,-1.104757603,0.09501813,158.9280059,158.9280059,-0.503200133,-1.180595557,-0.007724085,-3.541786671,339,216,0.389189189,406,72,0.150627615,-1.045348675,-2.452570897
G01_2022-10-28_JO_FAtest2_35cycles_G01_2022-10-28_2.fsa,132.0307837,378,NA,131.0085614,0.2,1,3655,129.5395215,4.012032597,130.1574503,129.83086,4.22541,118.4574503,136.8274503,18.37,-0.607494744,-0.114525989,0.066362198,131.0085614,131.0085614,-0.620947646,-0.366158534,-0.462056713,-1.098475603,2748,1285,0.318621374,2009,1646,0.450341997,-1.872184773,-0.849962551
G02_2022-10-28_JO_FAtest2_35cycles_G02_2022-10-28_2.fsa,130.374117,761,NA,131.0085614,0.2,1,8580,128.7764647,5.977754548,129.4174503,129.218305,4.319308,110.874117,144.7607837,33.88666667,-0.666077596,0.952332767,0.064534869,131.0085614,131.0085614,-0.267266292,-0.373400533,-0.321685486,-1.1202016,5301,4040,0.432501873,5301,3279,0.382167832,-0.37910532,-1.013549764
G03_2022-10-28_JO_FAtest2_35cycles_G03_2022-10-28_2.fsa,130.394117,622,NA,131.0085614,0.2,1,6557,128.7299962,5.2399634,129.444117,129.1436774,4.289656,111.4607837,139.9074503,28.44666667,-0.825503486,0.918839462,0.064710635,131.0085614,131.0085614,-0.317582521,-0.43484373,-0.408850635,-1.304531191,4131,3048,0.424571667,4131,2426,0.369986274,-0.412914879,-1.027359324
G07_2022-10-28_JO_FAtest2_35cycles_G07_2022-10-28_2.fsa,129.5174503,107,NA,131.0085614,0.2,1,923,130.0967569,3.028663434,129.5174503,130.0464625,2.871302,124.7674503,136.204117,11.43666667,0.130146931,-0.815044933,0.099689671,131.0085614,131.0085614,0.191274673,-0.301058378,0.57382402,-0.903175135,464,566,0.549514563,561,362,0.39219935,0.579306609,-0.911804502
G09_2022-10-28_JO_FAtest2_35cycles_G09_2022-10-28_2.fsa,131.384117,470,NA,131.0085614,0.2,1,4679,130.0021073,4.180893719,130.4507837,130.265753,4.215526,117.7374503,139.134117,21.39666667,-0.569229257,0.126101741,0.061121303,131.0085614,131.0085614,-0.330553652,-0.240727031,-0.321947688,-0.722181094,2983,2166,0.420664207,2513,2166,0.462919427,-0.883516527,-0.507960972
G11_2022-10-28_JO_FAtest2_35cycles_G11_2022-10-28_2.fsa,132.3507837,117,NA,131.0085614,0.2,1,1113,130.7817091,3.415462412,131.324117,130.861472,4.210584,123.7774503,137.2607837,13.48333333,-0.176609875,-0.76983732,0.102376889,131.0085614,131.0085614,-0.459403262,-0.06641922,-0.476428525,-0.199257661,764,466,0.378861789,542,571,0.513027853,-1.569074573,-0.226852351
H01_2022-10-28_JO_FAtest2_35cycles_H01_2022-10-28_2.fsa,148.284117,162,NA,146.754117,0.2,1,3506,142.0498938,9.515766669,143.4474503,142.793877,8.613906,114.284117,158.7574503,44.47333333,-0.803165741,0.667431736,0.160708123,146.754117,146.754117,-0.655146711,-0.494360928,-0.440602408,-1.483082783,2600,1068,0.291166848,2289,1217,0.347119224,-6.102575669,-4.572575669
H02_2022-10-28_JO_FAtest2_35cycles_H02_2022-10-28_2.fsa,148.4574503,801,NA,146.754117,0.2,1,16552,140.8355903,11.43178382,143.6707837,142.112475,9.953188,110.6907837,159.0174503,48.32666667,-0.885138332,0.096975118,0.08885641,146.754117,146.754117,-0.666725344,-0.517725559,-0.744029115,-1.553176676,12282,5071,0.292226128,10689,5863,0.354217013,-5.613612348,-3.910279014
H03_2022-10-28_JO_FAtest2_35cycles_H03_2022-10-28_2.fsa,146.6407837,482,NA,146.754117,0.2,1,10787,140.073409,12.31277378,143.7807837,141.3146156,10.027318,110.414117,159.084117,48.67,-0.8302166,-0.223920457,0.118551093,146.754117,146.754117,-0.533378972,-0.542583505,-0.903299618,-1.627750514,7118,4151,0.368355666,7118,3669,0.34013164,-4.713819222,-4.827152555
H09_2022-10-28_JO_FAtest2_35cycles_H09_2022-10-28_2.fsa,147.5707837,193,NA,146.754117,0.2,1,4157,142.4046647,10.38343855,143.7607837,143.5782669,8.608964,112.694117,158.9707837,46.27666667,-1.052965108,1.01922373,0.161046461,146.754117,146.754117,-0.497534509,-0.41888362,-0.391812112,-1.256650861,2827,1523,0.350114943,2634,1523,0.366369978,-4.713706259,-3.897039593
H11_2022-10-28_JO_FAtest2_35cycles_H11_2022-10-28_2.fsa,142.8174503,76,NA,146.754117,0.2,1,1410,143.0565402,8.674733523,143.6774503,143.9261117,8.589196,115.5674503,157.1307837,41.56333333,-1.238705294,2.134155047,0.231018408,146.754117,146.754117,0.027561634,-0.426246734,-0.214730573,-1.278740202,645,841,0.565948856,901,509,0.360992908,0.239089835,-3.697576832